id	file	source_url	license	attribution	caption	humor_class	status	posted_at	tg_msg_id	fragment_box	fragment_file
SM-001	images/cm_udaipur_battle_lanka.jpg	https://commons.wikimedia.org/wiki/File:Battle_at_Lanka,_Ramayana,_Udaipur,_1649-53.jpg	Public domain	Сахибдин (Sahibdin), Удайпур, 1649–53	Понедельник: все задачи в статусе «горит»	быт	approved			0.21,0.44,0.45	images/fragments/SM-001.jpg
SM-002	images/cm_manaku_demon_spies.jpg	https://commons.wikimedia.org/wiki/File:Rama_Releases_the_Demon_Spies_Shuka_and_Sarana-_Folio_from_a_Ramayana_'Siege_of_Lanka'_Series_MET_DP278165.jpg	CC0	Манаку из Гулера, серия «Осада Ланки» (MET DP278165)	Отдел безопасности поймал двоих, кто пересылал мемы мимо рабочего чата	быт	approved			0.66,0.58,0.38	images/fragments/SM-002.jpg
SM-003	images/sm2_hamza_battle.jpg	https://commons.wikimedia.org/wiki/File:Hamza's_son_Ibrahim_rides_into_a_battle_on_a_demon-drawn_chariot_(CBL_In_01.2).jpg	Public domain	Хамзанама Акбара: Ибрахим, сын Хамзы, мчится в битву на демонической колеснице, ок. 1570-е, Chester Beatty Library	Тимбилдинг прошёл активно	быт	approved			0.40,0.68,0.45	images/fragments/SM-003.jpg
SM-004	images/cm_kumbhakarna_defeated.jpg	https://commons.wikimedia.org/wiki/File:The_Demon_Kumbhakarna_Is_Defeated_by_Rama_and_Lakshmana.jpg	Public domain	Художник из Малвы (Мадья-Прадеш)	Разбудили Кумбхакарну. Зря.	быт	approved			0.45,0.35,0.60	images/fragments/SM-004.jpg
SM-005	images/met_shah_jahan_terrace.jpg	https://www.metmuseum.org/art/collection/search/451270	CC0 (Met Open Access)	«Шах-Джахан на террасе», ок. 1627–28, MET	Утвердил повестку. Повестка не заметила	быт	approved			0.60,0.38,0.30	images/fragments/SM-005.jpg
SM-006	images/met_lady_tanpura.jpg	https://www.metmuseum.org/art/collection/search/38038	CC0 (Met Open Access)	«Дама с танпурой», ок. 1735, MET	Включила камеру на созвоне раньше всех	быт	approved			0.50,0.45,0.55	images/fragments/SM-006.jpg
SM-007	images/met_maharana_stallion.jpg	https://www.metmuseum.org/art/collection/search/72589	CC0 (Met Open Access)	Махарана Санграм Сингх на коне, ок. 1712, MET	Приехал на созвон красиво	быт	approved			0.42,0.34,0.40	images/fragments/SM-007.jpg
SM-011	images/sm2_arjuna_tamradhvaja.jpg	"https://commons.wikimedia.org/wiki/File:""Arjuna_Battles_Raja_Tamradhvaja"",_Folio_from_a_Razmnama_MET_DP104237.jpg"	CC0 (Met Open Access)	«Арджуна сражается с раджей Тамрадхваджей», Размнама (перс. перевод Махабхараты), ок. 1616–17, MET	Стычка двух отделов за общий ресурс	быт	approved			0.32,0.53,0.55	images/fragments/SM-011.jpg
SM-012	images/sm2_umar_kick.jpg	"https://commons.wikimedia.org/wiki/File:""'Umar_Walks_around_Fulad_Castle,_Meets_a_Foot_Soldier_and_Kicks_Him_to_the_Ground"",_Folio_from_a_Hamzanama_(The_Adventures_of_Hamza)_MET_55120.jpg"	CC0 (Met Open Access)	Кесу Калан (приписывается): Умар у крепости Фулад пинает пехотинца, Хамзанама, ок. 1570, MET	Спустил задачу вниз. Лично	быт	approved			0.58,0.72,0.65	images/fragments/SM-012.jpg
SM-013	images/sm2_elephants_fighting.jpg	https://commons.wikimedia.org/wiki/File:Nainsukh_-_Two_Elephants_Fighting_in_a_Courtyard_Before_Muhammad_Shah_-_2005.1_-_Cleveland_Museum_of_Art.jpg	CC0 (Cleveland Museum of Art)	Найнсукх: «Два слона бьются на площади перед Мухаммад-шахом», ок. 1730–40, Cleveland	Оба правы. Оба слоны	быт	approved			0.50,0.75,0.55	images/fragments/SM-013.jpg
SM-014	images/sm2_dara_procession.jpg	https://commons.wikimedia.org/wiki/File:The_marriage_procession_of_Dara_Shikoh_-_Google_Art_Project.jpg	Public domain	Хаджи Мадни: свадебная процессия Дары Шукоха, 1740-е	Корпоратив года: явка обязательна	быт	approved			0.48,0.45,0.50	images/fragments/SM-014.jpg
SM-015	images/sm2_akbar_hawai.jpg	https://commons.wikimedia.org/wiki/File:Akbar_domptant_l'éléphant_Hawai.jpg	Public domain	Басаван: Акбар укрощает слона Хаваи, ок. 1590	Новый стажёр и база данных	быт	approved			0.44,0.46,0.78	images/fragments/SM-015.jpg
SM-016	images/sm2_asvatthama.jpg	"https://commons.wikimedia.org/wiki/File:""Asvatthama_Fires_the_Narayana_Weapon_(Cosmic_Fire)_at_the_Pandavas"",_Folio_from_a_Razmnama_MET_DP372510.jpg"	CC0 (Met Open Access)	«Ашваттхама обрушивает оружие Нараяны (космический огонь) на пандавов», Размнама, ок. 1616–17, MET	Ответил всем сразу. Зря.	быт	approved			0.48,0.62,0.85	images/fragments/SM-016.jpg
SM-017	images/sm2_tiger_hunt_nainsukh.jpg	https://commons.wikimedia.org/wiki/File:Raja_Balwant_Dev_Singh_on_a_Tiger_Hunt.jpg	Public domain	Найнсукх: раджа Балвант Дев Сингх на тигриной охоте, ок. 1750	Тестировщики выехали на прод	быт	approved			0.33,0.45,0.62	images/fragments/SM-017.jpg
SM-018	images/sm2_delhi_darbar.jpg	https://commons.wikimedia.org/wiki/File:Ghulam_Murtaza_Khan_The_Delhi_Darbar_of_Akbar_II.jpg	Public domain	Гулам Муртаза Хан (?): делийский дарбар Акбара II, ок. 1811	Объявил курс. Все кивнули	повестка	approved			0.50,0.55,0.62	images/fragments/SM-018.jpg
SM-019	images/sm2_ravana_court.jpg	"https://commons.wikimedia.org/wiki/File:""The_Court_of_Ravana"",_Folio_from_a_Ramayana_MET_DP103081.jpg"	CC0 (Met Open Access)	«Двор Раваны», лист из Рамаяны, ок. 1605, MET	Планёрка без права на возражение… почти	повестка	approved			0.50,0.35,0.93	images/fragments/SM-019.jpg
SM-020	images/sm2_bidpay.jpg	https://commons.wikimedia.org/wiki/File:5Abu'l_Hasan._The_Hindu_king_Dabshalim_visits_Bidpay_the_Brahmin_in_his_cave_to_learn_the_secret_of_the_animal_fables_of_Kalila_and_Dimna._Anvar-i_Suhaili,_dated_1604-1610,_British_Library,_London.jpg	Public domain	Абу-л Хасан: царь Дабшалим приходит к мудрецу Бидпаю в пещеру (Калила и Димна), ок. 1610	Лучший консультант всё ещё в пещере	субхашита	draft			0.52,0.42,0.75	images/fragments/SM-020.jpg
